{
  "sessionId": "2026-04-18T10-21-33-400Z",
  "executionMode": "demo",
  "startedAtMs": 1776507694110,
  "endedAtMs": 1776507852364,
  "startBalanceUsdt": 1036.61015439,
  "endBalanceUsdt": null,
  "deltaUsdt": null,
  "openPositionsAtEnd": 0,
  "openOrdersAtEnd": 0,
  "pendingEntriesAtEnd": 0,
  "tradesCount": 1,
  "realizedPnlUsdt": 2.54450315,
  "feesUsdt": 0.05351885,
  "lastExecTimeMs": 1776507799046
}