{
  "sessionId": "2026-04-18T09-36-26-142Z",
  "executionMode": "demo",
  "startedAtMs": 1776504986952,
  "endedAtMs": 1776506409629,
  "startBalanceUsdt": 1032.20574406,
  "endBalanceUsdt": null,
  "deltaUsdt": null,
  "openPositionsAtEnd": 1,
  "openOrdersAtEnd": 3,
  "pendingEntriesAtEnd": 0,
  "tradesCount": 1,
  "realizedPnlUsdt": 4.45938833,
  "feesUsdt": 0.25466966999999996,
  "lastExecTimeMs": 1776505889109
}