{
  "sessionId": "2026-04-13T19-11-37-762Z",
  "executionMode": "demo",
  "startedAtMs": 1776107498682,
  "endedAtMs": 1776111347428,
  "startBalanceUsdt": 9701.80537165,
  "endBalanceUsdt": null,
  "deltaUsdt": null,
  "openPositionsAtEnd": 0,
  "openOrdersAtEnd": 11,
  "pendingEntriesAtEnd": 0,
  "tradesCount": 2,
  "realizedPnlUsdt": 9.04879289,
  "feesUsdt": 2.0390840900000002,
  "lastExecTimeMs": 1776110086838
}